sensor_index,fingerprint_index,position,plate_temperature,heater_duration,temperature,pressure,humidity,gas_resistance,label
1,0,0,100,150,29.42,1026.90,34.73,1185872,basil_baseline
2,0,0,100,150,28.71,1103.87,44.73,1017893,basil_baseline
1,0,1,200,150,29.52,1026.91,34.73,134242,basil_baseline
2,0,1,200,150,28.81,1103.86,44.68,112552,basil_baseline
5,0,0,320,8,29.79,1109.18,42.49,24787,basil_baseline
6,0,0,320,8,30.17,1106.63,43.77,17641,basil_baseline
3,0,1,100,150,28.47,1031.09,45.45,602353,basil_baseline
4,0,1,100,150,27.83,1100.80,42.99,572547,basil_baseline
1,1,0,100,150,29.76,1026.93,34.63,586316,basil_baseline
2,1,0,100,150,29.07,1103.86,44.67,535285,basil_baseline
8,0,0,100,17,30.55,1007.97,33.04,259898,basil_baseline
3,0,2,100,150,28.53,1031.09,45.42,609342,basil_baseline
4,0,2,100,150,27.89,1100.79,42.97,566372,basil_baseline
2,1,1,200,150,29.19,1103.86,44.60,67493,basil_baseline
4,0,3,100,150,27.94,1100.80,42.80,583310,basil_baseline
3,0,3,100,150,28.58,1031.09,45.34,624962,basil_baseline
2,1,2,320,150,29.35,1103.88,44.57,14791,basil_baseline
1,1,2,320,150,30.02,1026.94,34.52,17582,basil_baseline
5,0,2,100,17,31.23,1109.33,41.58,710864,basil_baseline
6,0,2,100,17,31.65,1106.79,43.05,460225,basil_baseline
2,2,0,100,150,29.52,1103.87,44.44,428721,basil_baseline
1,2,0,100,150,30.17,1026.95,34.45,552170,basil_baseline
7,0,1,117,15,31.79,1061.13,39.43,179586,basil_baseline
4,0,4,200,150,27.99,1100.81,42.80,84461,basil_baseline
3,0,4,200,150,28.63,1031.09,45.27,84544,basil_baseline
2,2,1,200,150,29.62,1103.87,44.31,61465,basil_baseline
1,2,1,200,150,30.26,1026.96,34.31,82421,basil_baseline
4,0,5,200,150,28.04,1100.81,42.78,84211,basil_baseline
2,2,2,320,150,29.72,1103.88,44.11,18807,basil_baseline
3,0,5,200,150,28.68,1031.09,45.20,84628,basil_baseline
1,2,2,320,150,30.35,1026.96,34.23,23005,basil_baseline
7,0,2,133,13,32.24,1061.18,38.65,115212,basil_baseline
2,3,0,100,150,29.84,1103.89,44.01,614277,basil_baseline
1,3,0,100,150,30.46,1026.97,34.41,826807,basil_baseline
4,0,6,200,150,28.09,1100.81,42.65,84881,basil_baseline
3,0,6,200,150,28.73,1031.08,45.11,86957,basil_baseline
2,3,1,200,150,29.89,1103.90,44.02,80859,basil_baseline
1,3,1,200,150,30.49,1026.97,33.96,113149,basil_baseline
2,3,2,320,150,29.95,1103.90,43.81,22833,basil_baseline
1,3,2,320,150,30.55,1026.98,33.80,28667,basil_baseline
1,4,0,100,150,30.63,1026.99,33.77,1146055,basil_baseline
2,4,1,200,150,30.05,1103.91,43.52,105069,basil_baseline
1,4,1,200,150,30.64,1026.99,33.68,146202,basil_baseline
8,0,4,167,12,32.50,1008.03,30.47,55871,basil_baseline
2,4,2,320,150,30.10,1103.91,43.46,27327,basil_baseline
1,4,2,320,150,30.67,1026.98,33.58,33853,basil_baseline
2,5,0,100,150,30.17,1103.92,43.40,1125275,basil_baseline
1,5,0,100,150,30.73,1026.99,33.51,1509212,basil_baseline
6,0,3,100,51,32.27,1106.84,40.35,353225,basil_baseline
4,1,0,320,150,28.25,1100.84,42.42,18197,basil_baseline
2,5,1,200,150,30.17,1103.92,43.36,129358,basil_baseline
3,1,0,320,150,28.87,1031.08,44.84,15729,basil_baseline
7,0,5,183,12,33.15,1061.19,36.80,40468,basil_baseline
1,5,1,200,150,30.73,1027.00,33.40,177531,basil_baseline
2,5,2,320,150,30.20,1103.92,43.15,31388,basil_baseline
5,0,4,200,8,32.18,1109.39,39.03,73416,basil_baseline
1,5,2,320,150,30.76,1027.00,33.32,38918,basil_baseline
4,1,1,100,150,28.34,1100.84,42.30,429530,basil_baseline
3,1,1,100,150,28.96,1031.08,44.76,447552,basil_baseline
7,0,6,200,10,33.44,1061.21,36.35,31762,basil_baseline
2,6,0,100,150,30.26,1103.92,42.91,1399863,basil_baseline
1,6,0,100,150,30.81,1027.00,33.26,1859705,basil_baseline
5,0,5,200,8,32.67,1109.42,38.65,71628,basil_baseline
4,1,2,100,150,28.38,1100.84,42.22,398211,basil_baseline
2,6,1,200,150,30.25,1103.92,43.01,154263,basil_baseline
3,1,2,100,150,29.00,1031.09,44.67,427915,basil_baseline
1,6,1,200,150,30.80,1026.99,33.14,213289,basil_baseline
7,0,7,217,10,33.69,1061.21,35.95,26446,basil_baseline
2,6,2,320,150,30.27,1103.92,42.92,35635,basil_baseline
8,0,7,217,10,33.31,1008.03,29.16,26528,basil_baseline
1,6,2,320,150,30.82,1026.99,33.15,43926,basil_baseline
4,1,3,100,150,28.41,1100.84,42.12,409436,basil_baseline
3,1,3,100,150,29.03,1031.09,44.58,430886,basil_baseline
2,7,0,100,150,30.33,1103.93,42.84,1732290,basil_baseline
2,7,1,200,150,30.32,1103.93,42.74,178646,basil_baseline
4,1,4,200,150,28.44,1100.84,42.02,66649,basil_baseline
5,0,7,320,8,33.17,1109.44,37.96,37416,basil_baseline
6,0,7,320,8,33.53,1106.91,39.15,28046,basil_baseline
3,1,4,200,150,29.06,1031.09,44.55,64193,basil_baseline
8,0,8,233,10,33.53,1008.05,28.71,23105,basil_baseline
1,7,1,200,150,30.86,1026.98,32.96,246213,basil_baseline
2,7,2,320,150,30.33,1103.92,42.65,39385,basil_baseline
1,7,2,320,150,30.88,1026.99,32.93,48725,basil_baseline
4,1,5,200,150,28.49,1100.84,41.96,67600,basil_baseline
5,0,8,320,8,33.64,1109.49,37.67,68139,basil_baseline
6,0,8,320,8,33.98,1106.92,38.80,49980,basil_baseline
3,1,5,200,150,29.11,1031.10,44.42,66754,basil_baseline
8,0,9,250,8,33.53,1008.05,28.48,19729,basil_baseline
1,8,0,100,150,30.93,1026.99,32.81,2599810,basil_baseline
2,8,1,200,150,30.37,1103.92,42.57,206452,basil_baseline
4,1,6,200,150,28.54,1100.85,41.87,68854,basil_baseline
5,0,9,320,8,33.94,1109.52,37.32,95114,basil_baseline
1,8,1,200,150,30.91,1027.00,32.80,275417,basil_baseline
3,1,6,200,150,29.16,1031.09,44.34,69133,basil_baseline
6,0,9,320,8,34.27,1106.94,38.56,68303,basil_baseline
2,8,2,320,150,30.39,1103.92,42.46,42996,basil_baseline
1,8,2,320,150,30.93,1027.00,32.76,53090,basil_baseline
4,1,7,320,150,28.59,1100.85,41.78,20908,basil_baseline
2,9,0,100,150,30.43,1103.94,42.44,2365579,basil_baseline
5,1,0,320,8,34.14,1109.53,36.96,116549,basil_baseline
3,1,7,320,150,29.20,1031.09,44.28,19620,basil_baseline
6,1,0,320,8,34.45,1106.96,38.07,83633,basil_baseline
1,9,0,100,150,30.98,1027.00,32.69,2925714,basil_baseline
2,9,1,200,150,30.42,1103.94,42.27,231989,basil_baseline
4,1,8,320,150,28.65,1100.86,41.70,25838,basil_baseline
1,9,1,200,150,30.96,1027.00,32.65,299065,basil_baseline
3,1,8,320,150,29.26,1031.10,44.19,25362,basil_baseline
2,9,2,320,150,30.43,1103.94,42.25,46410,basil_baseline
1,9,2,320,150,30.97,1027.00,32.60,57412,basil_baseline
4,1,9,320,150,28.71,1100.87,41.56,30513,basil_baseline
2,10,0,100,150,30.48,1103.95,42.27,2686783,basil_baseline
3,1,9,320,150,29.32,1031.11,44.09,30821,basil_baseline
1,10,0,100,150,31.02,1027.00,32.58,3349826,basil_baseline
2,10,1,200,150,30.47,1103.96,42.11,255425,basil_baseline
4,2,0,320,150,28.76,1100.87,41.61,35996,basil_baseline
1,10,1,200,150,31.01,1027.01,32.55,327785,basil_baseline
3,2,0,320,150,29.38,1031.10,44.01,37747,basil_baseline
2,10,2,320,150,30.48,1103.96,42.13,50394,basil_baseline
1,10,2,320,150,31.02,1027.00,32.50,60207,basil_baseline
2,11,0,100,150,30.52,1103.96,42.09,2963821,basil_baseline
4,2,1,100,150,28.82,1100.87,41.48,1225247,basil_baseline
3,2,1,100,150,29.43,1031.11,43.76,1680066,basil_baseline
1,11,0,100,150,31.06,1026.99,32.39,3689259,basil_baseline
2,11,1,200,150,30.51,1103.96,42.05,277432,basil_baseline
4,2,2,100,150,28.82,1100.87,41.35,1081595,basil_baseline
1,11,1,200,150,31.05,1026.99,32.42,352496,basil_baseline
2,11,2,320,150,30.52,1103.96,41.96,53322,basil_baseline
1,11,2,320,150,31.06,1026.99,32.39,64144,basil_baseline
2,12,0,100,150,30.57,1103.96,41.92,3307227,basil_baseline
4,2,3,100,150,28.81,1100.86,41.30,1017893,basil_baseline
3,2,3,100,150,29.42,1031.10,43.76,1360797,basil_baseline
1,12,0,100,150,31.11,1026.99,32.37,3970916,basil_baseline
2,12,1,200,150,30.55,1103.96,41.92,298021,basil_baseline
1,12,1,200,150,31.09,1026.99,32.31,379822,basil_baseline
4,2,4,200,150,28.81,1100.87,41.25,141008,basil_baseline
2,12,2,320,150,30.56,1103.96,41.89,56054,basil_baseline
3,2,4,200,150,29.41,1031.10,43.92,157830,basil_baseline
1,12,2,320,150,31.10,1026.99,32.34,67016,basil_baseline
2,13,0,100,150,30.61,1103.97,41.86,3604048,basil_baseline
4,2,5,200,150,28.83,1100.87,41.21,138491,basil_baseline
1,13,0,100,150,31.15,1026.99,32.27,4275574,basil_baseline
7,1,5,183,12,34.15,1061.24,33.70,49202,basil_baseline
3,2,5,200,150,29.44,1031.09,43.60,156098,basil_baseline
4,2,6,200,150,28.85,1100.87,41.08,137597,basil_baseline
2,13,2,320,150,30.60,1103.97,41.82,58716,basil_baseline
6,1,3,100,51,33.12,1106.89,37.09,3473394,basil_baseline
3,2,6,200,150,29.46,1031.10,43.58,155246,basil_baseline
7,1,6,200,10,34.33,1061.26,33.53,40353,basil_baseline
1,13,2,320,150,31.14,1026.99,32.16,69984,basil_baseline
2,14,0,100,150,30.64,1103.97,41.85,4102153,basil_baseline
8,1,6,200,10,33.97,1008.03,27.00,39826,basil_baseline
4,2,7,320,150,28.88,1100.87,41.12,36426,basil_baseline
1,14,0,100,150,31.18,1027.00,32.16,4553641,basil_baseline
2,14,1,200,150,30.62,1103.97,41.65,335518,basil_baseline
3,2,7,320,150,29.49,1031.10,43.59,38118,basil_baseline
7,1,7,217,10,34.51,1061.27,33.43,34261,basil_baseline
1,14,1,200,150,31.17,1026.99,32.02,424192,basil_baseline
2,14,2,320,150,30.63,1103.97,41.68,61420,basil_baseline
4,2,8,320,150,28.92,1100.86,41.07,42525,basil_baseline
5,1,5,200,8,33.55,1109.45,35.89,328416,basil_baseline
3,2,8,320,150,29.53,1031.10,43.53,45714,basil_baseline
1,14,2,320,150,31.18,1026.99,32.22,72604,basil_baseline
4,2,9,320,150,28.97,1100.88,40.93,48892,basil_baseline
1,15,0,100,150,31.22,1026.98,32.06,4801876,basil_baseline
2,15,1,200,150,30.66,1103.97,41.61,353591,basil_baseline
5,1,6,200,8,33.76,1109.49,35.76,305763,basil_baseline
3,2,9,320,150,29.58,1031.10,43.47,52762,basil_baseline
1,15,1,200,150,31.20,1026.98,32.05,444637,basil_baseline
2,15,2,320,150,30.67,1103.97,41.59,63618,basil_baseline
4,3,0,320,150,29.01,1100.88,40.97,53963,basil_baseline
7,1,9,250,8,34.85,1061.26,33.13,25713,basil_baseline
3,3,0,320,150,29.62,1031.10,43.47,59041,basil_baseline
5,1,7,320,8,34.14,1109.52,35.62,104682,basil_baseline
1,15,2,320,150,31.21,1026.98,32.01,75161,basil_baseline
2,16,0,100,150,30.71,1103.97,41.55,4512256,basil_baseline
6,1,7,320,8,34.47,1106.96,36.79,76372,basil_baseline
4,3,1,100,150,29.05,1100.89,40.89,2380012,basil_baseline
1,16,0,100,150,31.25,1026.98,31.94,5055230,basil_baseline
2,16,1,200,150,30.69,1103.97,41.53,377094,basil_baseline
3,3,1,100,150,29.67,1031.10,43.36,3335505,basil_baseline
5,1,8,320,8,34.47,1109.56,35.46,133299,basil_baseline
6,1,8,320,8,34.79,1106.99,36.65,96458,basil_baseline
2,16,2,320,150,30.70,1103.97,41.47,65725,basil_baseline
1,16,1,200,150,31.24,1026.97,31.99,456226,basil_baseline
4,3,2,100,150,29.05,1100.88,40.77,2058809,basil_baseline
2,17,0,100,150,30.74,1103.97,41.48,4658516,basil_baseline
1,16,2,320,150,31.25,1026.97,32.02,76992,basil_baseline
3,3,2,100,150,29.66,1031.09,43.30,2852368,basil_baseline
5,1,9,320,8,34.69,1109.57,35.36,150455,basil_baseline
6,1,9,320,8,35.00,1107.00,36.44,107721,basil_baseline
4,3,3,100,150,29.03,1100.87,40.78,1895858,basil_baseline
2,17,1,200,150,30.72,1103.96,41.43,391587,basil_baseline
1,17,0,100,150,31.29,1026.97,31.95,5503527,basil_baseline
3,3,3,100,150,29.64,1031.09,43.26,2629856,basil_baseline
5,2,0,320,8,34.84,1109.56,35.09,164683,basil_baseline
2,17,2,320,150,30.73,1103.94,41.43,67815,basil_baseline
1,17,1,200,150,31.27,1026.97,31.92,481996,basil_baseline
6,2,0,320,8,35.14,1107.00,36.22,117837,basil_baseline
4,3,4,200,150,29.02,1100.87,40.88,227051,basil_baseline
5,2,1,100,3,34.71,1109.57,34.98,17669452,basil_baseline
6,2,1,100,3,35.01,1107.00,36.10,12263473,basil_baseline
2,18,0,100,150,30.78,1103.95,41.47,4990558,basil_baseline
1,17,2,320,150,31.28,1026.97,31.92,78552,basil_baseline
3,3,4,200,150,29.63,1031.09,43.29,259701,basil_baseline
8,2,1,117,15,33.65,1008.02,26.18,191187,basil_baseline
2,18,1,200,150,30.76,1103.95,41.32,407724,basil_baseline
4,3,5,200,150,29.03,1100.88,40.81,217780,basil_baseline
1,18,0,100,150,31.32,1026.97,32.01,5497987,basil_baseline
3,3,5,200,150,29.64,1031.10,43.18,249817,basil_baseline
2,18,2,320,150,30.76,1103.94,41.25,69527,basil_baseline
1,18,1,200,150,31.31,1026.98,31.75,487851,basil_baseline
4,3,6,200,150,29.05,1100.88,40.83,212228,basil_baseline
5,2,2,100,17,33.63,1109.46,34.59,14173010,basil_baseline
2,19,0,100,150,30.81,1103.95,41.33,5083463,basil_baseline
1,18,2,320,150,31.32,1026.99,31.85,80706,basil_baseline
3,3,6,200,150,29.66,1031.09,43.19,240319,basil_baseline
2,19,1,200,150,30.79,1103.94,41.29,425249,basil_baseline
1,19,0,100,150,31.36,1026.98,31.91,5710701,basil_baseline
4,3,7,320,150,29.08,1100.88,40.72,49893,basil_baseline
3,3,7,320,150,29.68,1031.09,43.16,53090,basil_baseline
2,19,2,320,150,30.79,1103.95,41.30,70914,basil_baseline
1,19,1,200,150,31.34,1026.98,31.79,500734,basil_baseline
4,3,8,320,150,29.12,1100.88,40.67,56500,basil_baseline
2,20,0,100,150,30.84,1103.95,41.27,5269862,basil_baseline
1,19,2,320,150,31.35,1026.98,31.68,82421,basil_baseline
3,3,8,320,150,29.72,1031.09,43.25,60764,basil_baseline
2,20,1,200,150,30.82,1103.95,41.17,435559,basil_baseline
1,20,0,100,150,31.39,1026.97,31.75,5889289,basil_baseline
4,3,9,320,150,29.16,1100.87,40.63,62546,basil_baseline
2,20,2,320,150,30.82,1103.96,41.22,72357,basil_baseline
3,3,9,320,150,29.77,1031.09,43.09,67439,basil_baseline
1,20,1,200,150,31.37,1026.97,31.70,516650,basil_baseline
4,4,0,320,150,29.20,1100.87,40.63,67016,basil_baseline
2,21,0,100,150,30.87,1103.95,41.23,5437770,basil_baseline
1,20,2,320,150,31.38,1026.97,31.68,83633,basil_baseline
7,2,5,183,12,34.73,1061.24,32.45,62409,basil_baseline
3,4,0,320,150,29.81,1031.09,43.13,72480,basil_baseline
2,21,1,200,150,30.85,1103.94,41.17,446966,basil_baseline
1,21,0,100,150,31.42,1026.97,31.73,6104322,basil_baseline
4,4,1,100,150,29.23,1100.87,40.50,3429768,basil_baseline
2,21,2,320,150,30.85,1103.94,41.17,74375,basil_baseline
1,21,1,200,150,31.40,1026.97,31.65,525398,basil_baseline
3,4,1,100,150,29.84,1031.09,42.99,4710754,basil_baseline
2,22,0,100,150,30.90,1103.94,41.16,5587995,basil_baseline
4,4,2,100,150,29.22,1100.88,40.58,2922583,basil_baseline
1,21,2,320,150,31.41,1026.97,31.66,85390,basil_baseline
3,4,2,100,150,29.83,1031.10,42.96,4038452,basil_baseline
2,22,1,200,150,30.88,1103.95,41.14,459296,basil_baseline
1,22,0,100,150,31.45,1026.97,31.52,6268988,basil_baseline
7,2,7,217,10,35.06,1061.25,32.29,42189,basil_baseline
4,4,3,100,150,29.21,1100.88,40.40,2673629,basil_baseline
2,22,2,320,150,30.88,1103.94,41.15,75494,basil_baseline
1,22,1,200,150,31.43,1026.98,31.63,537392,basil_baseline
3,4,3,100,150,29.82,1031.09,42.87,3654696,basil_baseline
8,2,7,217,10,34.71,1008.04,25.77,41491,basil_baseline
2,23,0,100,150,30.93,1103.95,41.09,6006966,basil_baseline
4,4,4,200,150,29.19,1100.88,40.43,294676,basil_baseline
1,22,2,320,150,31.44,1026.98,31.62,86428,basil_baseline
2,23,1,200,150,30.91,1103.94,41.25,466196,basil_baseline
3,4,4,200,150,29.80,1031.09,42.86,330323,basil_baseline
1,23,0,100,150,31.48,1026.98,31.61,6423839,basil_baseline
6,2,5,200,8,34.39,1106.92,35.82,270399,basil_baseline
4,4,5,200,150,29.20,1100.87,40.46,278791,basil_baseline
2,23,2,320,150,30.91,1103.94,41.06,77062,basil_baseline
1,23,1,200,150,31.46,1026.97,31.58,546425,basil_baseline
3,4,5,200,150,29.81,1031.09,42.87,307692,basil_baseline
2,24,0,100,150,30.96,1103.95,41.03,6090707,basil_baseline
6,2,6,200,8,34.59,1106.95,35.93,246925,basil_baseline
1,23,2,320,150,31.47,1026.97,31.54,87942,basil_baseline
2,24,1,200,150,30.93,1103.94,41.02,477278,basil_baseline
3,4,6,200,150,29.83,1031.08,42.96,294168,basil_baseline
1,24,0,100,150,31.51,1026.98,31.48,6646653,basil_baseline
5,2,7,320,8,34.62,1109.53,34.66,131148,basil_baseline
6,2,7,320,8,34.94,1106.96,35.84,95061,basil_baseline
4,4,7,320,150,29.24,1100.87,40.49,58635,basil_baseline
2,24,2,320,150,30.94,1103.94,40.99,77552,basil_baseline
1,24,1,200,150,31.49,1026.97,31.61,557582,basil_baseline
7,3,0,100,17,34.56,1061.25,31.81,351407,basil_baseline
3,4,7,320,150,29.85,1031.09,42.85,62272,basil_baseline
2,25,0,100,150,30.98,1103.95,40.97,6211943,basil_baseline
5,2,8,320,8,34.95,1109.54,34.54,162179,basil_baseline
4,4,8,320,150,29.28,1100.88,40.45,65878,basil_baseline
1,24,2,320,150,31.49,1026.98,31.51,88766,basil_baseline
6,2,8,320,8,35.25,1107.02,35.66,115602,basil_baseline
2,25,1,200,150,30.96,1103.93,40.95,487851,basil_baseline
3,4,8,320,150,29.89,1031.09,42.81,70562,basil_baseline
1,25,0,100,150,31.53,1026.97,31.50,6907252,basil_baseline
5,2,9,320,8,35.15,1109.56,34.25,179209,basil_baseline
2,25,2,320,150,30.97,1103.94,40.95,79208,basil_baseline
4,4,9,320,150,29.31,1100.88,40.34,70855,basil_baseline
6,2,9,320,8,35.45,1107.01,35.54,126858,basil_baseline
1,25,1,200,150,31.51,1026.97,31.46,565902,basil_baseline
2,26,0,100,150,31.01,1103.95,40.95,6338105,basil_baseline
3,4,9,320,150,29.93,1031.09,42.80,76785,basil_baseline
5,3,0,320,8,35.29,1109.55,34.16,194013,basil_baseline
1,25,2,320,150,31.52,1026.98,31.46,90652,basil_baseline
4,5,0,320,150,29.35,1100.89,40.27,75628,basil_baseline
6,3,0,320,8,35.58,1107.01,35.43,134031,basil_baseline
2,26,1,200,150,30.99,1103.95,40.92,502947,basil_baseline
5,3,1,100,3,35.15,1109.56,34.07,22466918,basil_baseline
1,26,0,100,150,31.56,1026.98,31.38,6915999,basil_baseline
3,5,0,320,150,29.97,1031.09,42.63,81321,basil_baseline
2,26,2,320,150,30.99,1103.95,40.84,80251,basil_baseline
7,3,2,133,13,34.59,1061.24,31.87,173736,basil_baseline
4,5,1,100,150,29.39,1100.89,40.25,4232498,basil_baseline
1,26,1,200,150,31.54,1026.97,31.45,576901,basil_baseline
2,27,0,100,150,31.03,1103.95,40.97,6442784,basil_baseline
3,5,1,100,150,30.00,1031.10,42.74,5722669,basil_baseline
8,3,2,133,13,34.27,1008.04,25.45,176796,basil_baseline
1,26,2,320,150,31.55,1026.97,31.61,91429,basil_baseline
2,27,1,200,150,31.01,1103.95,40.87,505554,basil_baseline
1,27,0,100,150,31.59,1026.98,31.41,6924768,basil_baseline
3,5,2,100,150,29.99,1031.10,42.65,4879095,basil_baseline
2,27,2,320,150,31.02,1103.95,40.84,81633,basil_baseline
4,5,3,100,150,29.36,1100.88,40.11,3368421,basil_baseline
1,27,1,200,150,31.57,1026.97,31.34,583310,basil_baseline
2,28,0,100,150,31.06,1103.96,40.86,6642611,basil_baseline
3,5,3,100,150,29.97,1031.10,42.66,4438906,basil_baseline
1,27,2,320,150,31.58,1026.97,31.38,94014,basil_baseline
4,5,4,200,150,29.34,1100.88,40.21,339861,basil_baseline
2,28,1,200,150,31.04,1103.95,40.91,515480,basil_baseline
1,28,0,100,150,31.62,1026.98,31.37,7203342,basil_baseline
2,28,2,320,150,31.04,1103.95,40.74,82025,basil_baseline
3,5,4,200,150,29.95,1031.09,42.52,380245,basil_baseline
4,5,5,200,150,29.35,1100.88,40.21,320100,basil_baseline
1,28,1,200,150,31.60,1026.98,31.30,593968,basil_baseline
2,29,0,100,150,31.09,1103.95,40.81,6766054,basil_baseline
1,28,2,320,150,31.61,1026.98,31.33,94274,basil_baseline
2,29,1,200,150,31.06,1103.95,40.77,522983,basil_baseline
1,29,0,100,150,31.64,1026.99,31.33,7454049,basil_baseline
2,29,2,320,150,31.07,1103.95,40.70,83144,basil_baseline
3,5,6,200,150,29.98,1031.08,42.61,333225,basil_baseline
7,3,6,200,10,35.32,1061.24,31.69,59869,basil_baseline
4,5,7,320,150,29.38,1100.88,40.13,65725,basil_baseline
1,29,1,200,150,31.62,1026.98,31.13,601292,basil_baseline
2,30,0,100,150,31.11,1103.96,40.68,7184390,basil_baseline
3,5,7,320,150,30.00,1031.09,42.58,68633,basil_baseline
8,3,6,200,10,34.99,1008.06,25.18,59493,basil_baseline
1,29,2,320,150,31.63,1026.97,31.28,95433,basil_baseline
2,30,1,200,150,31.09,1103.96,40.73,532778,basil_baseline
4,5,8,320,150,29.42,1100.88,40.09,72665,basil_baseline
7,3,7,217,10,35.49,1061.25,31.60,49922,basil_baseline
1,30,0,100,150,31.67,1026.99,31.28,7333930,basil_baseline
2,30,2,320,150,31.09,1103.95,40.65,83797,basil_baseline
3,5,8,320,150,30.04,1031.08,42.58,77552,basil_baseline
4,5,9,320,150,29.45,1100.89,40.10,77835,basil_baseline
1,30,1,200,150,31.65,1026.99,31.26,603418,basil_baseline
2,31,0,100,150,31.14,1103.95,40.71,6995730,basil_baseline
1,30,2,320,150,31.65,1026.99,31.25,96513,basil_baseline
2,31,1,200,150,31.11,1103.95,40.67,535285,basil_baseline
3,5,9,320,150,30.08,1031.09,42.54,84045,basil_baseline
5,3,4,200,8,34.06,1109.50,34.20,600234,basil_baseline
4,6,0,320,150,29.49,1100.90,40.07,82183,basil_baseline
2,31,2,320,150,31.12,1103.96,40.66,84796,basil_baseline
7,3,9,250,8,35.78,1061.28,31.41,34206,basil_baseline
3,6,0,320,150,30.11,1031.09,42.49,87581,basil_baseline
4,6,1,100,150,29.53,1100.89,39.94,4866053,basil_baseline
2,32,0,100,150,31.16,1103.96,40.63,7091106,basil_baseline
1,31,1,200,150,31.67,1026.99,31.25,611526,basil_baseline
6,3,5,200,8,34.76,1106.97,35.37,303858,basil_baseline
8,3,9,250,8,35.43,1008.05,24.86,32964,basil_baseline
2,32,1,200,150,31.14,1103.96,40.71,544681,basil_baseline
1,31,2,320,150,31.68,1027.00,31.21,97561,basil_baseline
3,6,1,100,150,30.15,1031.10,42.40,6654752,basil_baseline
4,6,2,100,150,29.51,1100.89,40.00,4193499,basil_baseline
5,3,6,200,8,34.63,1109.55,34.10,476279,basil_baseline
2,32,2,320,150,31.14,1103.96,40.62,85562,basil_baseline
1,32,0,100,150,31.72,1027.01,31.36,7562428,basil_baseline
6,3,6,200,8,34.96,1106.99,35.28,277206,basil_baseline
3,6,2,100,150,30.13,1031.10,42.41,5570895,basil_baseline
2,33,0,100,150,31.18,1103.96,40.62,7184390,basil_baseline
1,32,1,200,150,31.70,1027.00,31.19,622114,basil_baseline
5,3,7,320,8,34.99,1109.56,34.06,145331,basil_baseline
6,3,7,320,8,35.30,1107.01,35.22,103854,basil_baseline
2,33,1,200,150,31.16,1103.95,40.59,550834,basil_baseline
1,32,2,320,150,31.71,1027.00,31.15,98632,basil_baseline
4,6,4,200,150,29.48,1100.90,39.96,383019,basil_baseline
2,33,2,320,150,31.17,1103.96,40.58,86428,basil_baseline
5,3,8,320,8,35.31,1109.55,33.92,178833,basil_baseline
1,33,0,100,150,31.75,1027.00,31.19,7631113,basil_baseline
6,3,8,320,8,35.61,1107.03,35.20,126015,basil_baseline
2,34,0,100,150,31.21,1103.97,40.58,7314286,basil_baseline
3,6,4,200,150,30.09,1031.10,42.41,416938,basil_baseline
1,33,1,200,150,31.72,1027.00,31.14,624962,basil_baseline
4,6,5,200,150,29.48,1100.90,39.99,358042,basil_baseline
5,3,9,320,8,35.51,1109.58,33.78,199455,basil_baseline
2,34,1,200,150,31.19,1103.98,40.60,558038,basil_baseline
6,3,9,320,8,35.80,1107.04,34.96,138603,basil_baseline
1,33,2,320,150,31.73,1027.01,31.21,98746,basil_baseline
3,6,5,200,150,30.10,1031.09,42.39,388246,basil_baseline
4,6,6,200,150,29.50,1100.91,39.95,335188,basil_baseline
2,34,2,320,150,31.19,1103.97,40.52,87134,basil_baseline
7,4,2,133,13,34.96,1061.27,31.12,206452,basil_baseline
1,34,0,100,150,31.77,1027.01,31.13,7717381,basil_baseline
5,4,0,320,8,35.64,1109.58,33.61,210138,basil_baseline
6,4,0,320,8,35.92,1107.06,34.83,144960,basil_baseline
2,35,0,100,150,31.23,1103.97,40.53,7403525,basil_baseline
3,6,6,200,150,30.12,1031.10,42.36,362992,basil_baseline
1,34,1,200,150,31.75,1027.00,31.10,627836,basil_baseline
4,6,7,320,150,29.52,1100.90,39.98,69641,basil_baseline
2,35,1,200,150,31.21,1103.97,40.52,560789,basil_baseline
1,34,2,320,150,31.76,1027.01,31.05,100196,basil_baseline
3,6,7,320,150,30.14,1031.10,42.36,72419,basil_baseline
4,6,8,320,150,29.55,1100.91,39.84,76854,basil_baseline
2,35,2,320,150,31.22,1103.98,40.48,88033,basil_baseline
1,35,0,100,150,31.80,1027.02,31.08,7884505,basil_baseline
2,36,0,100,150,31.26,1103.99,40.51,7479571,basil_baseline
1,35,1,200,150,31.77,1027.01,31.04,636025,basil_baseline
3,6,8,320,150,30.17,1031.10,42.38,81789,basil_baseline
4,6,9,320,150,29.59,1100.91,39.90,82661,basil_baseline
6,4,2,100,17,34.71,1106.99,34.41,13309504,basil_baseline
2,36,1,200,150,31.23,1103.99,40.38,563566,basil_baseline
1,35,2,320,150,31.78,1027.01,31.05,100550,basil_baseline
3,6,9,320,150,30.21,1031.10,42.36,87942,basil_baseline
2,36,2,320,150,31.24,1103.99,40.44,88398,basil_baseline
4,7,0,320,150,29.63,1100.91,39.84,86428,basil_baseline
1,36,0,100,150,31.82,1027.03,31.05,7913065,basil_baseline
2,37,0,100,150,31.28,1103.98,40.44,7562428,basil_baseline
1,36,1,200,150,31.79,1027.02,31.04,645039,basil_baseline
3,7,0,320,150,30.25,1031.11,42.27,94587,basil_baseline
4,7,1,100,150,29.66,1100.91,39.80,5405477,basil_baseline
2,37,1,200,150,31.26,1103.98,40.42,573509,basil_baseline
1,36,2,320,150,31.80,1027.03,31.06,100432,basil_baseline
2,37,2,320,150,31.26,1103.99,40.42,88951,basil_baseline
8,4,5,183,12,35.19,1008.06,24.73,84712,basil_baseline
4,7,2,100,150,29.65,1100.91,39.76,4638732,basil_baseline
1,37,0,100,150,31.84,1027.03,31.09,8005864,basil_baseline
2,38,0,100,150,31.30,1103.98,40.44,7867467,basil_baseline
1,37,1,200,150,31.82,1027.03,30.99,645039,basil_baseline
3,7,2,100,150,30.27,1031.12,42.08,6169836,basil_baseline
4,7,3,100,150,29.63,1100.92,39.74,4219418,basil_baseline
2,38,1,200,150,31.28,1103.98,40.42,576901,basil_baseline
7,4,7,217,10,35.82,1061.30,31.12,55507,basil_baseline
1,37,2,320,150,31.83,1027.03,30.98,101507,basil_baseline
2,38,2,320,150,31.29,1103.99,40.41,89417,basil_baseline
3,7,3,100,150,30.24,1031.12,42.16,5537006,basil_baseline
4,7,4,200,150,29.60,1100.92,39.70,409682,basil_baseline
2,39,0,100,150,31.32,1103.99,40.42,7750237,basil_baseline
7,4,8,233,10,35.98,1061.29,30.96,43478,basil_baseline
1,38,1,200,150,31.85,1027.04,31.09,651814,basil_baseline
3,7,4,200,150,30.22,1031.12,42.16,445217,basil_baseline
4,7,5,200,150,29.61,1100.93,39.74,385180,basil_baseline
2,39,1,200,150,31.30,1103.99,40.37,576901,basil_baseline
1,38,2,320,150,31.85,1027.04,30.93,102175,basil_baseline
6,4,3,100,51,34.31,1106.93,34.78,7615152,basil_baseline
2,39,2,320,150,31.31,1103.98,40.35,89888,basil_baseline
1,39,0,100,150,31.89,1027.04,30.94,8222836,basil_baseline
3,7,5,200,150,30.23,1031.12,42.15,412155,basil_baseline
4,7,6,200,150,29.63,1100.93,39.74,356174,basil_baseline
2,40,0,100,150,31.35,1103.97,40.40,7873138,basil_baseline
5,4,4,200,8,34.37,1109.53,33.69,641403,basil_baseline
1,39,1,200,150,31.87,1027.04,30.91,655570,basil_baseline
6,4,4,200,8,34.70,1106.98,34.87,376263,basil_baseline
8,4,9,250,8,35.77,1008.04,24.41,36209,basil_baseline
2,40,1,200,150,31.32,1103.97,40.28,590883,basil_baseline
3,7,6,200,150,30.25,1031.12,42.15,389354,basil_baseline
4,7,7,320,150,29.65,1100.93,39.82,73924,basil_baseline
1,39,2,320,150,31.88,1027.04,30.89,102359,basil_baseline
2,40,2,320,150,31.33,1103.97,40.31,90459,basil_baseline
6,4,5,200,8,35.07,1107.02,34.90,319800,basil_baseline
7,5,0,100,17,35.27,1061.31,30.73,491717,basil_baseline
1,40,0,100,150,31.91,1027.05,30.90,8551148,basil_baseline
4,7,8,320,150,29.68,1100.92,39.70,80630,basil_baseline
3,7,7,320,150,30.27,1031.12,42.17,76100,basil_baseline
2,41,0,100,150,31.37,1103.97,40.30,7907336,basil_baseline
1,40,1,200,150,31.89,1027.04,30.86,662569,basil_baseline
6,4,6,200,8,35.26,1107.02,34.82,288939,basil_baseline
2,41,1,200,150,31.34,1103.98,40.29,590372,basil_baseline
8,5,0,100,17,34.96,1008.08,24.26,462094,basil_baseline
4,7,9,320,150,29.72,1100.92,39.74,86166,basil_baseline
3,7,8,320,150,30.30,1031.12,42.11,85733,basil_baseline
1,40,2,320,150,31.90,1027.04,30.86,103163,basil_baseline
2,41,2,320,150,31.35,1103.97,40.29,91233,basil_baseline
5,4,7,320,8,35.29,1109.56,33.68,152336,basil_baseline
6,4,7,320,8,35.60,1107.02,34.79,109168,basil_baseline
1,41,0,100,150,31.94,1027.04,30.84,8458441,basil_baseline
4,8,0,320,150,29.75,1100.92,39.64,90555,basil_baseline
3,7,9,320,150,30.34,1031.13,42.09,92020,basil_baseline
2,42,0,100,150,31.39,1103.98,40.29,7976631,basil_baseline
1,41,1,200,150,31.91,1027.04,30.83,663857,basil_baseline
5,4,8,320,8,35.61,1109.61,33.46,192699,basil_baseline
2,42,1,200,150,31.36,1103.98,40.25,596563,basil_baseline
8,5,1,117,15,34.82,1008.08,24.29,327470,basil_baseline
6,4,8,320,8,35.90,1107.05,34.65,134666,basil_baseline
4,8,1,100,150,29.78,1100.92,39.65,5807870,basil_baseline
3,8,0,320,150,30.38,1031.12,42.09,97841,basil_baseline
1,41,2,320,150,31.92,1027.03,30.82,103854,basil_baseline
2,42,2,320,150,31.37,1103.97,40.16,91723,basil_baseline
5,4,9,320,8,35.81,1109.63,33.29,211047,basil_baseline
1,42,0,100,150,31.96,1027.04,30.82,8348535,basil_baseline
4,8,2,100,150,29.77,1100.92,39.57,5045889,basil_baseline
2,43,0,100,150,31.41,1103.98,40.27,8053085,basil_baseline
6,4,9,320,8,36.09,1107.07,34.51,145703,basil_baseline
3,8,1,100,150,30.41,1031.11,42.01,7895904,basil_baseline
1,42,1,200,150,31.94,1027.04,30.81,665800,basil_baseline
2,43,1,200,150,31.39,1103.98,40.24,600234,basil_baseline
5,5,0,320,8,35.93,1109.63,33.14,221597,basil_baseline
4,8,3,100,150,29.75,1100.92,39.62,4557441,basil_baseline
3,8,2,100,150,30.39,1031.12,41.97,6539214,basil_baseline
6,5,0,320,8,36.21,1107.07,34.36,151794,basil_baseline
1,42,2,320,150,31.94,1027.04,30.65,104235,basil_baseline
2,43,2,320,150,31.39,1103.98,40.27,91822,basil_baseline
6,5,1,100,3,36.07,1107.08,34.25,18492100,basil_baseline
1,43,0,100,150,31.98,1027.04,30.79,8393443,basil_baseline
2,44,0,100,150,31.43,1103.97,40.34,8106878,basil_baseline
4,8,4,200,150,29.73,1100.92,39.55,432798,basil_baseline
3,8,3,100,150,30.37,1031.12,42.04,5857705,basil_baseline
8,5,3,150,13,35.10,1008.05,24.38,169761,basil_baseline
1,43,1,200,150,31.96,1027.04,30.75,672357,basil_baseline
7,5,4,167,12,35.59,1061.28,30.81,126764,basil_baseline
2,44,1,200,150,31.41,1103.97,40.16,606635,basil_baseline
4,8,5,200,150,29.74,1100.92,39.50,404344,basil_baseline
1,43,2,320,150,31.96,1027.04,30.83,104875,basil_baseline
3,8,4,200,150,30.35,1031.13,41.94,465560,basil_baseline
2,44,2,320,150,31.41,1103.97,40.22,92419,basil_baseline
1,44,0,100,150,32.00,1027.04,30.75,8458441,basil_baseline
2,45,0,100,150,31.45,1103.97,40.16,8673372,basil_baseline
4,8,6,200,150,29.75,1100.92,39.60,381733,basil_baseline
3,8,5,200,150,30.36,1031.12,41.84,427647,basil_baseline
1,44,1,200,150,31.98,1027.03,30.63,673684,basil_baseline
2,45,1,200,150,31.43,1103.98,40.08,617053,basil_baseline
4,8,7,320,150,29.77,1100.92,39.54,76236,basil_baseline
1,44,2,320,150,31.99,1027.04,30.63,105004,basil_baseline
2,45,2,320,150,31.43,1103.97,40.15,93910,basil_baseline
3,8,6,200,150,30.37,1031.13,41.95,405304,basil_baseline
1,45,0,100,150,32.02,1027.04,30.72,8531112,basil_baseline
2,46,0,100,150,31.47,1103.98,40.21,8266398,basil_baseline
4,8,8,320,150,29.80,1100.91,39.64,83633,basil_baseline
3,8,7,320,150,30.39,1031.13,41.92,78624,basil_baseline
1,45,1,200,150,32.00,1027.04,30.83,675017,basil_baseline
2,46,1,200,150,31.45,1103.98,40.18,610979,basil_baseline
7,5,7,217,10,36.10,1061.28,30.66,60207,basil_baseline
8,5,6,200,10,35.63,1008.05,23.95,72174,basil_baseline
4,8,9,320,150,29.84,1100.92,39.53,89043,basil_baseline
1,45,2,320,150,32.01,1027.04,30.70,105263,basil_baseline
2,46,2,320,150,31.45,1103.98,40.20,94430,basil_baseline
3,8,8,320,150,30.42,1031.13,41.89,88124,basil_baseline
1,46,0,100,150,32.05,1027.05,30.68,8645910,basil_baseline
2,47,0,100,150,31.49,1103.97,40.13,8316752,basil_baseline
4,9,0,320,150,29.87,1100.92,39.48,94850,basil_baseline
3,8,9,320,150,30.46,1031.12,41.98,96241,basil_baseline
2,47,1,200,150,31.47,1103.97,40.05,614277,basil_baseline
1,46,1,200,150,32.02,1027.05,30.68,679045,basil_baseline
2,47,2,320,150,31.47,1103.96,40.07,94535,basil_baseline
1,46,2,320,150,32.03,1027.05,30.57,105589,basil_baseline
4,9,1,100,150,29.90,1100.93,39.33,6261800,basil_baseline
8,5,8,233,10,35.92,1008.05,24.11,49835,basil_baseline
3,9,0,320,150,30.50,1031.12,41.86,100847,basil_baseline
2,48,0,100,150,31.51,1103.96,40.06,8354921,basil_baseline
1,47,0,100,150,32.07,1027.05,30.67,8763841,basil_baseline
4,9,2,100,150,29.89,1100.93,39.40,5326398,basil_baseline
2,48,1,200,150,31.49,1103.96,40.05,622114,basil_baseline
3,9,1,100,150,30.53,1031.12,41.81,8112899,basil_baseline
1,47,1,200,150,32.04,1027.06,30.65,685179,basil_baseline
2,48,2,320,150,31.49,1103.96,40.04,95114,basil_baseline
1,47,2,320,150,32.05,1027.05,30.64,106445,basil_baseline
4,9,3,100,150,29.86,1100.93,39.38,4823079,basil_baseline
6,5,4,200,8,34.96,1107.01,34.53,384745,basil_baseline
3,9,2,100,150,30.51,1031.12,41.80,6968950,basil_baseline
2,49,0,100,150,31.53,1103.97,40.11,8386998,basil_baseline
1,48,0,100,150,32.09,1027.06,30.73,8707946,basil_baseline
4,9,4,200,150,29.84,1100.92,39.38,456531,basil_baseline
2,49,1,200,150,31.51,1103.96,40.01,619855,basil_baseline
1,48,1,200,150,32.07,1027.05,30.63,687248,basil_baseline
3,9,3,100,150,30.49,1031.13,41.87,6226107,basil_baseline
2,49,2,320,150,31.52,1103.96,40.02,95327,basil_baseline
1,48,2,320,150,32.07,1027.05,30.60,106711,basil_baseline
4,9,5,200,150,29.85,1100.92,39.38,420275,basil_baseline
3,9,4,200,150,30.47,1031.13,41.77,480977,basil_baseline
6,5,6,200,8,35.52,1107.02,34.31,295954,basil_baseline
2,50,0,100,150,31.56,1103.96,40.00,8478137,basil_baseline
1,49,0,100,150,32.11,1027.06,30.64,8813341,basil_baseline
5,5,7,320,8,35.54,1109.58,33.20,158416,basil_baseline
4,9,6,200,150,29.86,1100.92,39.44,404583,basil_baseline
2,50,1,200,150,31.53,1103.96,39.97,624390,basil_baseline
1,49,1,200,150,32.09,1027.05,30.58,690725,basil_baseline
3,9,5,200,150,30.48,1031.12,41.77,444059,basil_baseline
6,5,7,320,8,35.85,1107.05,34.36,113074,basil_baseline
2,50,2,320,150,31.54,1103.97,39.96,96024,basil_baseline
1,49,2,320,150,32.09,1027.05,30.66,107180,basil_baseline
4,9,7,320,150,29.88,1100.92,39.37,78624,basil_baseline
5,5,8,320,8,35.86,1109.62,33.16,200274,basil_baseline
2,51,0,100,150,31.58,1103.99,39.90,8694083,basil_baseline
3,9,6,200,150,30.49,1031.12,41.70,418472,basil_baseline
6,5,8,320,8,36.15,1107.05,34.28,138942,basil_baseline
1,50,0,100,150,32.13,1027.05,30.57,9031974,basil_baseline
2,51,1,200,150,31.55,1103.98,40.09,628993,basil_baseline
4,9,8,320,150,29.91,1100.91,39.35,86253,basil_baseline
5,5,9,320,8,36.05,1109.65,32.95,219037,basil_baseline
1,50,1,200,150,32.11,1027.05,30.55,694944,basil_baseline
3,9,7,320,150,30.51,1031.12,41.68,80859,basil_baseline
6,5,9,320,8,36.34,1107.07,34.15,150323,basil_baseline
2,51,2,320,150,31.56,1103.98,39.96,96132,basil_baseline
1,50,2,320,150,32.11,1027.05,30.59,107789,basil_baseline
4,9,9,320,150,29.94,1100.90,39.33,91723,basil_baseline
5,6,0,320,8,36.18,1109.66,32.81,229648,basil_baseline
2,52,0,100,150,31.60,1103.98,39.93,8544459,basil_baseline
3,9,8,320,150,30.54,1031.12,41.76,90364,basil_baseline
1,51,0,100,150,32.15,1027.05,30.54,8987383,basil_baseline
6,6,0,320,8,36.45,1107.08,34.00,156240,basil_baseline
7,6,4,167,12,35.83,1061.29,30.49,136935,basil_baseline
2,52,1,200,150,31.57,1103.98,39.86,628993,basil_baseline
6,6,1,100,3,36.31,1107.09,33.90,19568826,basil_baseline
4,10,0,320,150,29.98,1100.91,39.31,97729,basil_baseline
1,51,1,200,150,32.13,1027.05,30.52,700650,basil_baseline
3,9,9,320,150,30.58,1031.12,41.71,98918,basil_baseline
2,52,2,320,150,31.58,1103.97,39.99,96622,basil_baseline
1,51,2,320,150,32.13,1027.05,30.51,107926,basil_baseline
2,53,0,100,150,31.62,1103.99,39.89,8666490,basil_baseline
3,10,0,320,150,30.61,1031.12,41.69,103791,basil_baseline
1,52,0,100,150,32.17,1027.06,30.50,8928610,basil_baseline
5,6,2,100,17,34.90,1109.57,32.50,23059818,basil_baseline
2,53,1,200,150,31.59,1103.97,39.82,631904,basil_baseline
4,10,2,100,150,30.00,1100.91,39.34,5610959,basil_baseline
1,52,1,200,150,32.15,1027.05,30.41,701370,basil_baseline
2,53,2,320,150,31.60,1103.98,39.87,97117,basil_baseline
7,6,6,200,10,36.18,1061.30,30.43,78264,basil_baseline
1,52,2,320,150,32.15,1027.06,30.50,108199,basil_baseline
2,54,0,100,150,31.64,1103.98,39.92,8639072,basil_baseline
1,53,0,100,150,32.19,1027.05,30.47,8987383,basil_baseline
3,10,2,100,150,30.62,1031.12,41.59,7428701,basil_baseline
2,54,1,200,150,31.61,1103.98,39.80,633076,basil_baseline
1,53,1,200,150,32.17,1027.04,30.46,702091,basil_baseline
4,10,4,200,150,29.95,1100.91,39.22,461157,basil_baseline
8,6,6,200,10,35.86,1008.03,24.05,78697,basil_baseline
2,54,2,320,150,31.62,1103.99,39.94,97338,basil_baseline
3,10,3,100,150,30.60,1031.11,41.59,6461842,basil_baseline
1,53,2,320,150,32.17,1027.05,30.49,108890,basil_baseline
2,55,0,100,150,31.66,1104.00,39.84,8659619,basil_baseline
4,10,5,200,150,29.96,1100.92,39.20,433623,basil_baseline
7,6,8,233,10,36.49,1061.30,30.27,50996,basil_baseline
1,54,0,100,150,32.21,1027.06,30.30,9054435,basil_baseline
8,6,7,217,10,36.01,1008.06,23.92,63809,basil_baseline
3,10,4,200,150,30.58,1031.11,41.59,497087,basil_baseline
2,55,1,200,150,31.63,1103.99,39.81,639002,basil_baseline
1,54,1,200,150,32.19,1027.06,30.44,704264,basil_baseline
4,10,6,200,150,29.97,1100.93,39.22,410174,basil_baseline
7,6,9,250,8,36.62,1061.30,30.20,42567,basil_baseline
2,55,2,320,150,31.64,1104.00,39.62,97283,basil_baseline
3,10,5,200,150,30.58,1031.11,41.61,456837,basil_baseline
1,54,2,320,150,32.19,1027.06,30.42,109168,basil_baseline
2,56,0,100,150,31.68,1104.00,39.80,8742796,basil_baseline
4,10,7,320,150,29.98,1100.92,39.28,80402,basil_baseline
1,55,0,100,150,32.23,1027.06,30.42,9137758,basil_baseline
3,10,6,200,150,30.60,1031.11,41.60,426311,basil_baseline
2,56,1,200,150,31.65,1103.99,39.84,639600,basil_baseline
1,55,1,200,150,32.21,1027.06,30.41,711605,basil_baseline
4,10,8,320,150,30.02,1100.92,39.19,88124,basil_baseline
2,56,2,320,150,31.66,1103.99,39.75,98405,basil_baseline
3,10,7,320,150,30.61,1031.10,41.63,81789,basil_baseline
1,55,2,320,150,32.21,1027.06,30.39,109099,basil_baseline
2,57,0,100,150,31.70,1104.00,39.78,8849041,basil_baseline
4,10,9,320,150,30.05,1100.91,39.16,95220,basil_baseline
5,6,4,200,8,34.85,1109.55,32.99,689330,basil_baseline
2,57,1,200,150,31.67,1103.99,39.81,642611,basil_baseline
3,10,8,320,150,30.65,1031.10,41.48,94118,basil_baseline
8,7,0,100,17,35.44,1008.07,23.59,560328,basil_baseline
1,56,1,200,150,32.23,1027.07,30.41,711605,basil_baseline
4,11,0,320,150,30.08,1100.91,39.13,99902,basil_baseline
2,57,2,320,150,31.68,1103.99,39.74,98405,basil_baseline
3,10,9,320,150,30.68,1031.10,41.55,100078,basil_baseline
1,56,2,320,150,32.23,1027.07,30.36,109589,basil_baseline
2,58,0,100,150,31.72,1103.99,39.80,8892266,basil_baseline
6,6,5,200,8,35.54,1107.03,34.17,334531,basil_baseline
4,11,1,100,150,30.11,1100.91,39.09,6846636,basil_baseline
1,57,0,100,150,32.27,1027.07,30.39,9099695,basil_baseline
2,58,1,200,150,31.69,1103.99,39.74,648717,basil_baseline
3,11,0,320,150,30.71,1031.10,41.60,105458,basil_baseline
8,7,1,117,15,35.31,1008.06,23.66,394074,basil_baseline
1,57,1,200,150,32.25,1027.07,30.37,714585,basil_baseline
2,58,2,320,150,31.70,1103.99,39.73,97897,basil_baseline
5,6,7,320,8,35.76,1109.61,32.97,161718,basil_baseline
1,57,2,320,150,32.25,1027.07,30.27,109730,basil_baseline
3,11,1,100,150,30.74,1031.10,41.48,8899511,basil_baseline
2,59,0,100,150,31.74,1104.00,39.72,9099695,basil_baseline
6,6,7,320,8,36.06,1107.06,34.23,115134,basil_baseline
4,11,3,100,150,30.07,1100.92,39.04,5189737,basil_baseline
1,58,0,100,150,32.29,1027.07,30.33,9168439,basil_baseline
2,59,1,200,150,31.71,1103.98,39.72,649952,basil_baseline
5,6,8,320,8,36.07,1109.65,32.77,204718,basil_baseline
3,11,2,100,150,30.73,1031.10,41.50,7520771,basil_baseline
1,58,1,200,150,32.27,1027.08,30.31,714585,basil_baseline
2,59,2,320,150,31.72,1103.98,39.71,99090,basil_baseline
6,6,8,320,8,36.36,1107.08,33.99,141476,basil_baseline
4,11,4,200,150,30.05,1100.92,39.05,481656,basil_baseline
1,58,2,320,150,32.27,1027.07,30.30,109871,basil_baseline
5,6,9,320,8,36.26,1109.67,32.64,224217,basil_baseline
2,60,0,100,150,31.76,1103.99,39.71,8972618,basil_baseline
3,11,3,100,150,30.70,1031.10,41.41,6687347,basil_baseline
7,7,4,167,12,36.04,1061.29,30.11,146328,basil_baseline
6,6,9,320,8,36.55,1107.11,33.82,150988,basil_baseline
4,11,5,200,150,30.06,1100.92,39.06,440904,basil_baseline
1,59,0,100,150,32.31,1027.07,30.26,9214848,basil_baseline
2,60,1,200,150,31.73,1103.99,39.75,658733,basil_baseline
3,11,4,200,150,30.68,1031.11,41.52,503689,basil_baseline
5,7,0,320,8,36.39,1109.69,32.48,234701,basil_baseline
1,59,1,200,150,32.29,1027.07,30.29,716084,basil_baseline
2,60,2,320,150,31.74,1104.00,39.68,98975,basil_baseline
5,7,1,100,3,36.24,1109.69,32.44,31289568,basil_baseline
4,11,6,200,150,30.07,1100.92,39.06,419243,basil_baseline
6,7,0,320,8,36.66,1107.12,33.71,159750,basil_baseline
1,59,2,320,150,32.29,1027.06,30.33,110799,basil_baseline
7,7,5,183,12,36.23,1061.29,29.85,104940,basil_baseline
2,61,0,100,150,31.78,1104.01,39.67,8994785,basil_baseline
3,11,5,200,150,30.69,1031.11,41.47,463978,basil_baseline
1,60,0,100,150,32.33,1027.07,30.40,9301164,basil_baseline
4,11,7,320,150,30.09,1100.92,39.03,81868,basil_baseline
3,11,6,200,150,30.70,1031.12,41.43,438356,basil_baseline
1,60,1,200,150,32.31,1027.07,30.29,720619,basil_baseline
2,61,2,320,150,31.76,1104.02,39.65,99611,basil_baseline
7,7,6,200,10,36.38,1061.31,30.11,82262,basil_baseline
4,11,8,320,150,30.12,1100.92,39.02,90459,basil_baseline
1,60,2,320,150,32.31,1027.07,30.27,110727,basil_baseline
2,62,0,100,150,31.80,1104.02,39.62,9130120,basil_baseline
3,11,7,320,150,30.71,1031.12,41.56,83551,basil_baseline
6,7,2,100,17,35.42,1107.06,33.43,15622408,basil_baseline
7,7,7,217,10,36.53,1061.31,30.11,67869,basil_baseline
1,61,0,100,150,32.35,1027.07,30.26,9277463,basil_baseline
2,62,1,200,150,31.77,1104.02,39.59,654313,basil_baseline
4,11,9,320,150,30.15,1100.92,39.02,96732,basil_baseline
8,7,6,200,10,36.06,1008.06,23.67,82741,basil_baseline
1,61,1,200,150,32.33,1027.07,30.24,723675,basil_baseline
2,62,2,320,150,31.78,1104.03,39.62,99553,basil_baseline
3,11,8,320,150,30.75,1031.12,41.40,95540,basil_baseline
4,12,0,320,150,30.19,1100.92,38.99,101992,basil_baseline
2,63,0,100,150,31.81,1104.02,39.63,9054435,basil_baseline
1,61,2,320,150,32.33,1027.07,30.13,110440,basil_baseline
3,11,9,320,150,30.78,1031.13,41.31,102236,basil_baseline
1,62,0,100,150,32.37,1027.08,30.25,9340935,basil_baseline
4,12,1,100,150,30.22,1100.93,38.95,7018205,basil_baseline
2,63,2,320,150,31.80,1104.02,39.61,99727,basil_baseline
1,62,1,200,150,32.34,1027.08,30.14,732999,basil_baseline
3,12,0,320,150,30.82,1031.13,41.31,107653,basil_baseline
8,7,8,233,10,36.36,1008.09,23.52,55761,basil_baseline
2,64,0,100,150,31.83,1104.02,39.57,9054435,basil_baseline
1,62,2,320,150,32.35,1027.08,30.21,110943,basil_baseline
2,64,1,200,150,31.81,1104.02,39.56,660645,basil_baseline
4,12,3,100,150,30.18,1100.93,38.99,5437770,basil_baseline
8,7,9,250,8,36.48,1008.09,23.45,43083,basil_baseline
7,8,0,100,17,35.96,1061.33,29.81,633663,basil_baseline
2,64,2,320,150,31.82,1104.01,39.59,100728,basil_baseline
1,63,1,200,150,32.36,1027.08,30.18,728307,basil_baseline
3,12,2,100,150,30.83,1031.14,41.33,7641791,basil_baseline
4,12,4,200,150,30.15,1100.93,38.86,490304,basil_baseline
2,65,0,100,150,31.85,1104.02,39.55,9405281,basil_baseline
1,63,2,320,150,32.37,1027.08,30.17,111450,basil_baseline
3,12,3,100,150,30.81,1031.14,41.25,6876810,basil_baseline
2,65,1,200,150,31.83,1104.02,39.60,661926,basil_baseline
1,64,0,100,150,32.41,1027.08,30.10,9454126,basil_baseline
4,12,5,200,150,30.16,1100.93,38.89,454404,basil_baseline
7,8,1,117,15,35.79,1061.33,29.82,448140,basil_baseline
2,65,2,320,150,31.83,1104.03,39.53,100669,basil_baseline
1,64,1,200,150,32.38,1027.08,30.22,724443,basil_baseline
3,12,4,200,150,30.78,1031.14,41.29,512000,basil_baseline
2,66,0,100,150,31.87,1104.03,39.39,9153073,basil_baseline
4,12,6,200,150,30.17,1100.93,38.91,425780,basil_baseline
6,7,4,200,8,35.38,1107.05,33.92,400783,basil_baseline
1,64,2,320,150,32.39,1027.08,30.15,111595,basil_baseline
2,66,1,200,150,31.85,1104.04,39.53,663212,basil_baseline
3,12,5,200,150,30.79,1031.14,41.31,472325,basil_baseline
1,65,0,100,150,32.42,1027.08,30.16,9495219,basil_baseline
7,8,2,133,13,35.92,1061.32,29.96,288451,basil_baseline
4,12,7,320,150,30.19,1100.93,38.95,82025,basil_baseline
2,66,2,320,150,31.85,1104.04,39.48,100137,basil_baseline
1,65,1,200,150,32.40,1027.09,30.17,728307,basil_baseline
3,12,6,200,150,30.80,1031.13,41.38,442046,basil_baseline
2,67,0,100,150,31.89,1104.04,39.47,9207081,basil_baseline
4,12,8,320,150,30.22,1100.94,38.85,91723,basil_baseline
1,65,2,320,150,32.41,1027.09,30.10,112330,basil_baseline
2,67,1,200,150,31.86,1104.05,39.49,661926,basil_baseline
1,66,0,100,150,32.44,1027.09,30.18,9470520,basil_baseline
3,12,7,320,150,30.81,1031.13,41.26,84881,basil_baseline
5,7,7,320,8,35.95,1109.67,32.50,163265,basil_baseline
4,12,9,320,150,30.25,1100.95,38.84,98235,basil_baseline
2,67,2,320,150,31.87,1104.05,39.48,100609,basil_baseline
6,7,7,320,8,36.25,1107.11,33.84,116073,basil_baseline
1,66,1,200,150,32.42,1027.08,30.06,732213,basil_baseline
3,12,8,320,150,30.85,1031.13,41.34,96186,basil_baseline
2,68,0,100,150,31.91,1104.04,39.41,9285350,basil_baseline
5,7,8,320,8,36.26,1109.70,32.54,207961,basil_baseline
1,66,2,320,150,32.42,1027.08,30.11,112035,basil_baseline
4,13,0,320,150,30.29,1100.96,38.82,102667,basil_baseline
6,7,8,320,8,36.55,1107.13,33.73,143619,basil_baseline
2,68,1,200,150,31.88,1104.04,39.46,671696,basil_baseline
8,8,3,150,13,35.75,1008.08,23.50,212096,basil_baseline
1,67,0,100,150,32.46,1027.10,30.01,9629151,basil_baseline
3,12,9,320,150,30.88,1031.14,41.23,103476,basil_baseline
5,7,9,320,8,36.45,1109.72,32.42,227961,basil_baseline
2,68,2,320,150,31.89,1104.04,39.45,100550,basil_baseline
1,67,1,200,150,32.44,1027.09,30.02,732999,basil_baseline
6,7,9,320,8,36.73,1107.15,33.62,156384,basil_baseline
2,69,0,100,150,31.92,1104.05,39.53,9536671,basil_baseline
3,13,0,320,150,30.92,1031.14,41.19,108268,basil_baseline
5,8,0,320,8,36.56,1109.72,32.38,239308,basil_baseline
1,67,2,320,150,32.44,1027.11,29.97,112109,basil_baseline
4,13,2,100,150,30.30,1100.97,38.77,6297905,basil_baseline
2,69,1,200,150,31.90,1104.05,39.44,668407,basil_baseline
6,8,0,320,8,36.84,1107.16,33.49,160956,basil_baseline
1,68,0,100,150,32.48,1027.10,30.01,9528351,basil_baseline
3,13,1,100,150,30.95,1031.15,41.21,9246050,basil_baseline
6,8,1,100,3,36.70,1107.16,33.38,20621774,basil_baseline
2,69,2,320,150,31.90,1104.05,39.42,101266,basil_baseline
4,13,3,100,150,30.28,1100.95,38.75,5576583,basil_baseline
1,68,1,200,150,32.46,1027.09,30.03,735368,basil_baseline
2,70,0,100,150,31.94,1104.05,39.37,9595315,basil_baseline
3,13,2,100,150,30.93,1031.15,41.14,7861804,basil_baseline
1,68,2,320,150,32.46,1027.09,30.02,111962,basil_baseline
4,13,4,200,150,30.25,1100.94,38.77,493138,basil_baseline
2,70,1,200,150,31.92,1104.05,39.40,674350,basil_baseline
1,69,0,100,150,32.50,1027.10,30.07,9612203,basil_baseline
3,13,3,100,150,30.90,1031.15,41.09,7095713,basil_baseline
8,8,6,200,10,36.24,1008.08,23.44,86166,basil_baseline
2,70,2,320,150,31.92,1104.05,39.42,100907,basil_baseline
4,13,5,200,150,30.26,1100.94,38.73,459296,basil_baseline
1,69,1,200,150,32.47,1027.09,30.03,736161,basil_baseline
7,8,8,233,10,36.86,1061.36,29.75,55220,basil_baseline
2,71,0,100,150,31.96,1104.05,39.42,9545004,basil_baseline
3,13,4,200,150,30.88,1031.15,41.13,519401,basil_baseline
1,69,2,320,150,32.48,1027.08,30.03,112925,basil_baseline
4,13,6,200,150,30.27,1100.96,38.76,433347,basil_baseline
2,71,1,200,150,31.93,1104.05,39.47,671696,basil_baseline
7,8,9,250,8,36.98,1061.38,29.67,46209,basil_baseline
1,70,0,100,150,32.52,1027.08,30.05,9990244,basil_baseline
2,71,2,320,150,31.94,1104.05,39.36,101086,basil_baseline
3,13,5,200,150,30.88,1031.15,41.19,479289,basil_baseline
4,13,7,320,150,30.28,1100.96,38.76,83962,basil_baseline
1,70,1,200,150,32.49,1027.09,30.00,740152,basil_baseline
8,8,8,233,10,36.53,1008.10,23.30,58514,basil_baseline
2,72,0,100,150,31.98,1104.05,39.37,9381048,basil_baseline
1,70,2,320,150,32.50,1027.09,30.02,112626,basil_baseline
3,13,6,200,150,30.90,1031.15,41.12,448140,basil_baseline
4,13,8,320,150,30.32,1100.96,38.74,94066,basil_baseline
2,72,1,200,150,31.95,1104.06,39.41,676354,basil_baseline
1,71,0,100,150,32.53,1027.09,30.00,9603751,basil_baseline
8,8,9,250,8,36.66,1008.11,23.26,45326,basil_baseline
2,72,2,320,150,31.95,1104.06,39.42,101749,basil_baseline
3,13,7,320,150,30.91,1031.15,41.11,85476,basil_baseline
4,13,9,320,150,30.35,1100.97,38.71,99844,basil_baseline
1,71,1,200,150,32.51,1027.09,29.98,742567,basil_baseline
2,73,0,100,150,31.99,1104.06,39.36,9445950,basil_baseline
1,71,2,320,150,32.52,1027.09,29.98,112925,basil_baseline
3,13,8,320,150,30.95,1031.16,41.18,97505,basil_baseline
2,73,1,200,150,31.97,1104.05,39.25,677025,basil_baseline
4,14,0,320,150,30.38,1100.97,38.73,104298,basil_baseline
1,72,0,100,150,32.55,1027.09,29.96,9671783,basil_baseline
7,9,1,117,15,35.96,1061.34,29.55,469079,basil_baseline
2,73,2,320,150,31.97,1104.05,39.32,101749,basil_baseline
8,9,0,100,17,35.82,1008.09,23.14,631319,basil_baseline
3,13,9,320,150,30.98,1031.15,41.02,104490,basil_baseline
4,14,1,100,150,30.41,1100.97,38.63,7510429,basil_baseline
1,72,1,200,150,32.53,1027.09,29.96,749086,basil_baseline
6,8,3,100,51,35.15,1107.05,33.59,8770878,basil_baseline
1,72,2,320,150,32.53,1027.09,29.96,113074,basil_baseline
2,74,1,200,150,31.99,1104.06,39.34,675017,basil_baseline
3,14,0,320,150,31.01,1031.14,41.06,109942,basil_baseline
4,14,2,100,150,30.40,1100.97,38.65,6405004,basil_baseline
1,73,0,100,150,32.57,1027.11,29.96,9663226,basil_baseline
2,74,2,320,150,31.99,1104.06,39.23,101992,basil_baseline
8,9,1,117,15,35.67,1008.07,23.18,445799,basil_baseline
3,14,1,100,150,31.04,1031.14,41.02,9389112,basil_baseline
4,14,3,100,150,30.37,1100.97,38.62,5845166,basil_baseline
1,73,1,200,150,32.55,1027.10,29.95,742567,basil_baseline
2,75,0,100,150,32.03,1104.05,39.29,10045371,basil_baseline
1,73,2,320,150,32.55,1027.10,29.90,113375,basil_baseline
2,75,1,200,150,32.00,1104.05,39.19,679045,basil_baseline
3,14,2,100,150,31.02,1031.15,41.03,8011736,basil_baseline
4,14,4,200,150,30.35,1100.97,38.63,503318,basil_baseline
1,74,0,100,150,32.59,1027.11,29.93,9671783,basil_baseline
2,75,2,320,150,32.01,1104.06,39.27,102175,basil_baseline
3,14,3,100,150,31.00,1031.15,41.01,7294746,basil_baseline
1,74,1,200,150,32.57,1027.10,29.89,738550,basil_baseline
4,14,5,200,150,30.35,1100.97,38.69,467794,basil_baseline
2,76,0,100,150,32.05,1104.05,39.33,9603751,basil_baseline
5,8,7,320,8,36.11,1109.68,32.43,165803,basil_baseline
7,9,4,167,12,36.39,1061.33,29.73,160502,basil_baseline
1,74,2,320,150,32.57,1027.10,29.91,113601,basil_baseline
2,76,1,200,150,32.02,1104.05,39.24,686557,basil_baseline
6,8,7,320,8,36.41,1107.12,33.66,117270,basil_baseline
3,14,4,200,150,30.97,1031.16,41.00,529884,basil_baseline
4,14,6,200,150,30.37,1100.97,38.64,439768,basil_baseline
8,9,3,150,13,35.91,1008.08,23.28,220452,basil_baseline
5,8,8,320,8,36.42,1109.71,32.30,210656,basil_baseline
1,75,0,100,150,32.61,1027.10,29.87,9775656,basil_baseline
2,76,2,320,150,32.02,1104.06,39.26,102544,basil_baseline
7,9,5,183,12,36.56,1061.33,29.69,115602,basil_baseline
1,75,1,200,150,32.58,1027.10,29.84,744186,basil_baseline
2,77,0,100,150,32.06,1104.05,39.24,9570093,basil_baseline
3,14,5,200,150,30.98,1031.15,40.86,483361,basil_baseline
4,14,7,320,150,30.38,1100.97,38.62,84965,basil_baseline
5,8,9,320,8,36.61,1109.72,32.19,230891,basil_baseline
8,9,4,167,12,36.08,1008.07,23.27,150455,basil_baseline
1,75,2,320,150,32.59,1027.11,29.88,113753,basil_baseline
2,77,1,200,150,32.04,1104.05,39.22,685179,basil_baseline
6,8,9,320,8,36.89,1107.14,33.37,157248,basil_baseline
3,14,6,200,150,30.99,1031.15,40.93,451400,basil_baseline
4,14,8,320,150,30.41,1100.97,38.62,95433,basil_baseline
7,9,6,200,10,36.71,1061.34,29.65,88951,basil_baseline
1,76,0,100,150,32.62,1027.10,29.90,9723442,basil_baseline
2,77,2,320,150,32.04,1104.04,39.24,102359,basil_baseline
1,76,1,200,150,32.60,1027.09,29.87,745812,basil_baseline
8,9,5,183,12,36.26,1008.08,23.29,116232,basil_baseline
3,14,7,320,150,31.01,1031.15,40.96,86428,basil_baseline
4,14,9,320,150,30.44,1100.98,38.54,101206,basil_baseline
6,9,0,320,8,37.01,1107.17,33.17,165803,basil_baseline
1,76,2,320,150,32.60,1027.09,29.84,113753,basil_baseline
2,78,1,200,150,32.05,1104.04,39.18,683122,basil_baseline
3,14,8,320,150,31.04,1031.16,40.98,98804,basil_baseline
4,15,0,320,150,30.48,1100.98,38.49,105328,basil_baseline
2,78,2,320,150,32.06,1104.05,39.20,102605,basil_baseline
1,77,0,100,150,32.64,1027.08,29.86,9766915,basil_baseline
7,9,8,233,10,37.02,1061.37,29.54,57489,basil_baseline
2,79,0,100,150,32.10,1104.05,39.19,9953827,basil_baseline
1,77,1,200,150,32.62,1027.08,29.87,749086,basil_baseline
5,9,2,100,17,35.45,1109.62,31.80,25220704,basil_baseline
3,14,9,320,150,31.07,1031.15,40.88,105720,basil_baseline
4,15,1,100,150,30.51,1100.99,38.54,7562428,basil_baseline
2,79,1,200,150,32.07,1104.05,39.18,684492,basil_baseline
1,77,2,320,150,32.62,1027.09,29.87,113980,basil_baseline
8,9,7,217,10,36.55,1008.09,23.15,72419,basil_baseline
3,15,0,320,150,31.10,1031.14,40.94,110727,basil_baseline
4,15,2,100,150,30.49,1100.99,38.51,6618461,basil_baseline
2,79,2,320,150,32.08,1104.04,39.15,102175,basil_baseline
1,78,0,100,150,32.66,1027.09,29.79,9758189,basil_baseline
2,80,0,100,150,32.11,1104.04,39.16,9612203,basil_baseline
1,78,1,200,150,32.63,1027.09,29.79,745812,basil_baseline
8,9,8,233,10,36.70,1008.10,23.13,60249,basil_baseline
4,15,3,100,150,30.47,1100.98,38.41,5820249,basil_baseline
3,15,1,100,150,31.13,1031.14,40.89,9595315,basil_baseline
2,80,1,200,150,32.09,1104.05,39.06,687941,basil_baseline
1,78,2,320,150,32.64,1027.10,29.81,113904,basil_baseline
8,9,9,250,8,36.83,1008.10,23.04,46512,basil_baseline
2,80,2,320,150,32.09,1104.04,39.14,103039,basil_baseline
4,15,4,200,150,30.44,1100.98,38.56,508946,basil_baseline
1,79,0,100,150,32.68,1027.09,29.82,9828434,basil_baseline
3,15,2,100,150,31.12,1031.14,40.86,8112899,basil_baseline
2,81,0,100,150,32.13,1104.04,39.15,9561716,basil_baseline
1,79,1,200,150,32.65,1027.10,29.83,749086,basil_baseline
4,15,5,200,150,30.45,1100.98,38.55,474623,basil_baseline
2,81,1,200,150,32.10,1104.04,39.11,687941,basil_baseline
1,79,2,320,150,32.66,1027.09,29.75,113980,basil_baseline
7,10,1,117,15,36.14,1061.32,29.52,490304,basil_baseline
2,81,2,320,150,32.11,1104.03,39.19,102915,basil_baseline
4,15,6,200,150,30.46,1100.97,38.51,446382,basil_baseline
1,80,0,100,150,32.69,1027.08,29.77,9810778,basil_baseline
3,15,4,200,150,31.06,1031.14,40.86,539515,basil_baseline
2,82,0,100,150,32.15,1104.03,39.20,9697544,basil_baseline
1,80,1,200,150,32.67,1027.09,29.77,748265,basil_baseline
4,15,7,320,150,30.47,1100.96,38.53,85647,basil_baseline
3,15,5,200,150,31.07,1031.15,40.87,490304,basil_baseline
2,82,1,200,150,32.12,1104.04,39.06,696362,basil_baseline
1,80,2,320,150,32.67,1027.08,29.76,114286,basil_baseline
2,82,2,320,150,32.12,1104.03,39.12,103288,basil_baseline
8,10,1,117,15,35.84,1008.07,22.96,461781,basil_baseline
4,15,8,320,150,30.50,1100.95,38.45,96513,basil_baseline
3,15,6,200,150,31.08,1031.15,40.88,455617,basil_baseline
5,9,4,200,8,35.38,1109.59,32.31,719859,basil_baseline
2,83,0,100,150,32.16,1104.03,39.13,9732106,basil_baseline
1,81,1,200,150,32.69,1027.09,29.74,741760,basil_baseline
4,15,9,320,150,30.53,1100.97,38.52,102175,basil_baseline
2,83,1,200,150,32.14,1104.03,39.12,694944,basil_baseline
3,15,7,320,150,31.10,1031.14,40.86,86604,basil_baseline
1,81,2,320,150,32.69,1027.09,29.69,114286,basil_baseline
5,9,5,200,8,35.74,1109.62,32.29,614830,basil_baseline
2,83,2,320,150,32.14,1104.03,39.06,103226,basil_baseline
1,82,0,100,150,32.73,1027.08,29.74,9828434,basil_baseline
4,16,0,320,150,30.56,1100.97,38.42,106644,basil_baseline
6,9,5,200,8,36.06,1107.08,33.49,344317,basil_baseline
3,15,8,320,150,31.13,1031.13,40.84,99263,basil_baseline
2,84,0,100,150,32.18,1104.01,39.04,9740785,basil_baseline
7,10,4,167,12,36.57,1061.30,29.56,165482,basil_baseline
1,82,1,200,150,32.70,1027.08,29.70,744186,basil_baseline
2,84,1,200,150,32.15,1104.01,39.01,694944,basil_baseline
4,16,1,100,150,30.59,1100.96,38.45,7684803,basil_baseline
3,15,9,320,150,31.16,1031.12,40.83,106312,basil_baseline
1,82,2,320,150,32.71,1027.08,29.66,114286,basil_baseline
5,9,7,320,8,36.28,1109.68,32.26,166775,basil_baseline
2,84,2,320,150,32.16,1104.01,39.05,103539,basil_baseline
1,83,0,100,150,32.74,1027.08,29.71,9881785,basil_baseline
7,10,5,183,12,36.74,1061.32,29.51,118738,basil_baseline
4,16,2,100,150,30.58,1100.95,38.36,6728542,basil_baseline
3,16,0,320,150,31.19,1031.11,40.67,111888,basil_baseline
2,85,0,100,150,32.20,1104.00,39.03,9953827,basil_baseline
6,9,7,320,8,36.58,1107.10,33.42,117270,basil_baseline
1,83,1,200,150,32.72,1027.08,29.67,759222,basil_baseline
5,9,8,320,8,36.59,1109.69,32.12,214092,basil_baseline
2,85,1,200,150,32.17,1104.01,39.04,691425,basil_baseline
4,16,3,100,150,30.55,1100.96,38.39,6067025,basil_baseline
1,83,2,320,150,32.73,1027.08,29.65,114670,basil_baseline
3,16,1,100,150,31.22,1031.12,40.76,9749479,basil_baseline
6,9,8,320,8,36.88,1107.13,33.31,146202,basil_baseline
2,85,2,320,150,32.17,1104.01,39.03,103351,basil_baseline
5,9,9,320,8,36.78,1109.71,32.03,232939,basil_baseline
1,84,0,100,150,32.76,1027.09,29.75,9944765,basil_baseline
4,16,4,200,150,30.53,1100.96,38.39,515480,basil_baseline
2,86,0,100,150,32.21,1104.01,39.05,9749479,basil_baseline
3,16,2,100,150,31.20,1031.11,40.78,8278929,basil_baseline
6,9,9,320,8,37.06,1107.16,33.17,158858,basil_baseline
5,10,0,320,8,36.90,1109.71,31.85,245328,basil_baseline
2,86,1,200,150,32.19,1104.01,39.00,697073,basil_baseline
4,16,5,200,150,30.53,1100.96,38.52,480977,basil_baseline
1,84,2,320,150,32.74,1027.07,29.68,114516,basil_baseline
3,16,3,100,150,31.18,1031.12,40.72,7641791,basil_baseline
2,86,2,320,150,32.19,1104.01,39.03,103163,basil_baseline
6,10,0,320,8,37.17,1107.16,33.02,165161,basil_baseline
1,85,0,100,150,32.78,1027.07,29.64,9935719,basil_baseline
4,16,6,200,150,30.54,1100.95,38.35,451400,basil_baseline
2,87,0,100,150,32.23,1104.00,38.97,10204921,basil_baseline
3,16,4,200,150,31.15,1031.12,40.71,543380,basil_baseline
1,85,1,200,150,32.76,1027.07,29.67,752526,basil_baseline
2,87,1,200,150,32.20,1104.00,38.93,694237,basil_baseline
7,10,9,250,8,37.31,1061.35,29.26,49776,basil_baseline
4,16,7,320,150,30.56,1100.95,38.42,86341,basil_baseline
1,85,2,320,150,32.76,1027.07,29.64,114747,basil_baseline
3,16,5,200,150,31.16,1031.11,40.76,494567,basil_baseline
2,87,2,320,150,32.21,1104.00,38.98,103539,basil_baseline
1,86,0,100,150,32.80,1027.05,29.62,9917676,basil_baseline
2,88,0,100,150,32.25,1104.00,38.96,9881785,basil_baseline
4,16,8,320,150,30.59,1100.96,38.38,96786,basil_baseline
3,16,6,200,150,31.17,1031.11,40.89,460535,basil_baseline
1,86,1,200,150,32.77,1027.06,29.69,753357,basil_baseline
2,88,1,200,150,32.22,1103.99,39.01,694237,basil_baseline
4,16,9,320,150,30.62,1100.97,38.34,103163,basil_baseline
1,86,2,320,150,32.78,1027.05,29.62,114670,basil_baseline
2,88,2,320,150,32.22,1103.99,38.96,103602,basil_baseline
3,16,7,320,150,31.18,1031.11,40.74,87942,basil_baseline
1,87,0,100,150,32.81,1027.05,29.62,9881785,basil_baseline
2,89,0,100,150,32.26,1103.99,38.86,9972002,basil_baseline
4,17,0,320,150,30.65,1100.96,38.30,107994,basil_baseline
3,16,8,320,150,31.21,1031.11,40.73,100372,basil_baseline
1,87,1,200,150,32.79,1027.05,29.60,752112,basil_baseline
2,89,1,200,150,32.24,1103.99,38.93,697785,basil_baseline
1,87,2,320,150,32.79,1027.06,29.62,114439,basil_baseline
4,17,1,100,150,30.68,1100.96,38.26,7901616,basil_baseline
2,89,2,320,150,32.24,1103.99,38.92,103791,basil_baseline
3,16,9,320,150,31.25,1031.12,40.69,107518,basil_baseline
8,11,0,100,17,36.14,1008.06,22.73,686557,basil_baseline
1,88,0,100,150,32.83,1027.05,29.69,9962907,basil_baseline
2,90,0,100,150,32.28,1104.00,38.93,10036141,basil_baseline
4,17,2,100,150,30.66,1100.95,38.25,6728542,basil_baseline
1,88,1,200,150,32.80,1027.06,29.42,752112,basil_baseline
3,17,0,320,150,31.28,1031.12,40.63,112701,basil_baseline
2,90,1,200,150,32.25,1104.00,38.91,696362,basil_baseline
1,88,2,320,150,32.81,1027.05,29.67,114747,basil_baseline
4,17,3,100,150,30.63,1100.95,38.24,6097507,basil_baseline
2,90,2,320,150,32.26,1104.00,39.04,103917,basil_baseline
3,17,1,100,150,31.31,1031.11,40.63,9926689,basil_baseline
1,89,0,100,150,32.85,1027.06,29.62,10008552,basil_baseline
5,10,3,100,51,35.13,1109.59,32.01,14938682,basil_baseline
2,91,0,100,150,32.30,1104.00,38.89,10082462,basil_baseline
4,17,4,200,150,30.61,1100.95,38.24,522582,basil_baseline
1,89,1,200,150,32.82,1027.05,29.57,759222,basil_baseline
7,11,3,150,13,36.57,1061.31,29.34,235673,basil_baseline
2,91,1,200,150,32.27,1103.99,38.88,698499,basil_baseline
1,89,2,320,150,32.83,1027.05,29.56,115212,basil_baseline
2,91,2,320,150,32.27,1104.00,38.88,103854,basil_baseline
4,17,5,200,150,30.61,1100.95,38.25,481316,basil_baseline
3,17,3,100,150,31.26,1031.10,40.54,7525953,basil_baseline
1,90,0,100,150,32.86,1027.05,29.55,10063882,basil_baseline
2,92,0,100,150,32.31,1103.99,38.92,9819598,basil_baseline
7,11,4,167,12,36.71,1061.32,29.33,170781,basil_baseline
5,10,5,200,8,35.89,1109.62,32.12,620418,basil_baseline
4,17,6,200,150,30.63,1100.94,38.26,454102,basil_baseline
1,90,1,200,150,32.84,1027.05,29.51,754606,basil_baseline
2,92,1,200,150,32.29,1103.99,38.87,699932,basil_baseline
3,17,4,200,150,31.24,1031.10,40.61,543380,basil_baseline
1,90,2,320,150,32.84,1027.05,29.55,115056,basil_baseline
2,92,2,320,150,32.29,1104.00,38.78,103665,basil_baseline
4,17,7,320,150,30.64,1100.94,38.14,86957,basil_baseline
7,11,5,183,12,36.88,1061.33,29.27,121963,basil_baseline
3,17,5,200,150,31.24,1031.10,40.61,497812,basil_baseline
1,91,0,100,150,32.88,1027.06,29.61,10101110,basil_baseline
6,10,6,200,8,36.40,1107.10,33.33,306037,basil_baseline
5,10,7,320,8,36.42,1109.67,32.08,168255,basil_baseline
4,17,8,320,150,30.67,1100.95,38.24,97785,basil_baseline
1,91,1,200,150,32.85,1027.06,29.61,761338,basil_baseline
2,93,1,200,150,32.30,1104.00,38.82,701370,basil_baseline
3,17,6,200,150,31.25,1031.09,40.62,463978,basil_baseline
6,10,7,320,8,36.72,1107.11,33.33,117837,basil_baseline
1,91,2,320,150,32.86,1027.06,29.53,115056,basil_baseline
2,93,2,320,150,32.30,1104.00,38.84,104171,basil_baseline
5,10,8,320,8,36.73,1109.69,31.97,213289,basil_baseline
4,17,9,320,150,30.70,1100.95,38.16,103539,basil_baseline
3,17,7,320,150,31.27,1031.09,40.60,88215,basil_baseline
1,92,0,100,150,32.89,1027.06,29.52,10026928,basil_baseline
2,94,0,100,150,32.34,1104.00,38.83,10054618,basil_baseline
6,10,8,320,8,37.02,1107.13,33.09,146831,basil_baseline
8,11,5,183,12,36.55,1008.07,22.87,122576,basil_baseline
4,18,0,320,150,30.73,1100.94,38.18,108268,basil_baseline
5,10,9,320,8,36.92,1109.72,31.81,235836,basil_baseline
1,92,1,200,150,32.87,1027.05,29.76,767329,basil_baseline
2,94,1,200,150,32.32,1104.00,38.76,703538,basil_baseline
3,17,8,320,150,31.30,1031.09,40.64,100550,basil_baseline
2,94,2,320,150,32.32,1104.00,38.83,103981,basil_baseline
1,92,2,320,150,32.87,1027.05,29.50,115289,basil_baseline
6,10,9,320,8,37.20,1107.15,33.12,159154,basil_baseline
7,11,8,233,10,37.30,1061.34,29.17,60592,basil_baseline
4,18,1,100,150,30.76,1100.94,38.17,8005864,basil_baseline
5,11,0,320,8,37.04,1109.73,31.68,245858,basil_baseline
2,95,0,100,150,32.36,1104.00,38.95,9990244,basil_baseline
1,93,0,100,150,32.91,1027.06,29.50,10008552,basil_baseline
3,17,9,320,150,31.33,1031.09,40.57,107858,basil_baseline
6,11,0,320,8,37.31,1107.15,32.83,167266,basil_baseline
2,95,1,200,150,32.33,1104.01,38.79,699215,basil_baseline
4,18,2,100,150,30.74,1100.95,38.14,7091106,basil_baseline
1,93,1,200,150,32.88,1027.06,29.44,757957,basil_baseline
